<?xml version="1.0" encoding="UTF-8"?>
<!DOCTYPE hibernate-configuration PUBLIC 
"-//Hibernate//Hibernate-Configuration DTD//EN"
"http://hibernate.sourceforge.net/hibernate-configuration-3.0.dtd"> 

<hibernate-configuration>

<session-factory>

<property name="connection.driver_class">com.mysql.jdbc.Driver </property>

<property name="connection.url">jdbc:mysql://localhost:3306/Amazon_Prime</property>

<property name="connection.user">root</property>

<property name="connection.password">root</property>

<property name="dialect">org.hibernate.dialect.MySQLDialect</property>

<property name="show_sql">true</property>

<property name="hbm2ddl.auto">update</property>

<!-- One to One User and User_Account -->
<mapping class="Com.PrimeVideo.User"/>

<mapping class="Com.PrimeVideo.User_Account"/>
<!-- One to One User and User_Account -->

<!-- One to One  User_Account and User_Profile -->
<mapping class="Com.PrimeVideo.User_Profile"/>

<mapping class="Com.PrimeVideo.User_Account"/>
<!-- One to One User_Account & User_Profile -->

<!-- One to One  User_Profile and Watch_List -->
<mapping class="Com.PrimeVideo.User_Profile"/>

<mapping class="Com.PrimeVideo.Watch_List"/>
<!-- One to One User_Profile and Watch_List -->

<!-- One to One  User_Profile and AccountSetting -->
<mapping class="Com.PrimeVideo.User_Profile"/>

<mapping class="Com.PrimeVideo.Acccount_Settting"/>
<!-- One to One User_Profile and Watch_List -->

<!-- One to One  User_Profile and Watch_List -->
<mapping class="Com.PrimeVideo.User_Profile"/>

<mapping class="Com.PrimeVideo.Watch_Anywhere"/>
<!-- One to One User_Profile and Watch_List -->

<!-- One to One  User_Profile and Help_Menu -->
<mapping class="Com.PrimeVideo.User_Profile"/>

<mapping class="Com.PrimeVideo.Help_Menu"/>
<!-- One to One User_Profile and Help_Menu -->

<!-- One to One  AccountSetting and Your_Account -->
<mapping class="Com.PrimeVideo.Acccount_Settting"/>

<mapping class="Com.PrimeVideo.Your_Account"/>
<!-- One to One AccountSetting and Your_Account -->

<!-- One to One  AccountSetting and Your_Account -->
<mapping class="Com.PrimeVideo.Your_Details"/>

<mapping class="Com.PrimeVideo.Your_Account"/>
<!-- One to One AccountSetting and Your_Account -->

<!-- One to One  AccountSetting and Your_Account -->
<mapping class="Com.PrimeVideo.Prime"/>

<mapping class="Com.PrimeVideo.Your_Account"/>
<!-- One to One AccountSetting and Your_Account -->

<!-- Many to One  Payment History and Your_Account -->
<mapping class="Com.PrimeVideo.Payment_History"/>

<mapping class="Com.PrimeVideo.Your_Account"/>
<!-- Many to One Payment History and Your_Account -->

<!-- One to One  User_Profile and AccountSetting -->
<mapping class="Com.PrimeVideo.Playback"/>

<mapping class="Com.PrimeVideo.Acccount_Settting"/>
<!-- One to One User_Profile and Watch_List -->

<!-- One to One  Playback and Autoplay -->
<mapping class="Com.PrimeVideo.Playback"/>

<mapping class="Com.PrimeVideo.Auto_Play"/>
<!-- One to One Playback and Autoplay -->

<!-- One to One  AccountSetting and ParentalControl -->
<mapping class="Com.PrimeVideo.Acccount_Settting"/>

<mapping class="Com.PrimeVideo.Parental_Control"/>
<!-- One to One  AccountSetting and ParentalControl -->

<!-- One to One  ParentalControl and Videopin -->
<mapping class="Com.PrimeVideo.Prime_VideoPin"/>

<mapping class="Com.PrimeVideo.Parental_Control"/>
<!-- One to One  ParentalControl and Videopin-->

<!-- One to One  ParentalControl and Restriction -->
<mapping class="Com.PrimeVideo.Viewing_Restriction"/>

<mapping class="Com.PrimeVideo.Parental_Control"/>
<!-- One to One  ParentalControl and Restriction-->

<!-- One to One  AccountSetting and Subtitlles -->
<mapping class="Com.PrimeVideo.Acccount_Settting"/>

<mapping class="Com.PrimeVideo.Subtitles"/>
<!-- One to One  AccountSetting and Subtitlles-->

<!-- One to One  Subtitlles and Presets -->
<mapping class="Com.PrimeVideo.Subtitle_Presets"/>

<mapping class="Com.PrimeVideo.Subtitles"/>
<!-- One to One  Subtitlles and Presets-->


<!-- One to One  Subtitlles and Default -->
<mapping class="Com.PrimeVideo.Default_Preset"/>

<mapping class="Com.PrimeVideo.Subtitles"/>
<!-- One to One  Subtitlles and Default-->

<!-- One to One  Subtitlles and Your_Preset -->
<mapping class="Com.PrimeVideo.Your_Presets"/>

<mapping class="Com.PrimeVideo.Subtitles"/>
<!-- One to One  Subtitlles and Your_Preset-->

<!-- One to One  AccountSetting and Your-Devices -->
<mapping class="Com.PrimeVideo.Acccount_Settting"/>

<mapping class="Com.PrimeVideo.Your_Devices"/>
<!-- One to One  AccountSetting and Your_Devices-->

<!-- many to One  Your-Devices and  another devices-->
<mapping class="Com.PrimeVideo.Register_Another_Device"/>

<mapping class="Com.PrimeVideo.Your_Devices"/>
<!-- Many to One  Your-Devices and  another devices-->

<!-- many to One  Your-Devices and  Your devices-->
<mapping class="Com.PrimeVideo.Your_Resistered_Devices"/>

<mapping class="Com.PrimeVideo.Your_Devices"/>
<!-- many to One  Your-Devices and  Your devices-->

<!-- One to One  AccountSetting aned Languages-->
<mapping class="Com.PrimeVideo.Language"/>

<mapping class="Com.PrimeVideo.Website_Languages"/>
<!-- One to One  AccountSetting aned Languages-->

<!-- Many to One  Languages and WebsiteLanguages-->
<mapping class="Com.PrimeVideo.Language"/>

<mapping class="Com.PrimeVideo.Acccount_Settting"/>
<!--many to One   Languages and WebsiteLanguages-->

<!-- One to One AccountSetting and Watch History-->
<mapping class="Com.PrimeVideo.Watch_History"/>

<mapping class="Com.PrimeVideo.Acccount_Settting"/>
<!--One to One AccountSetting and Watch History-->

<!-- One to One Watch History and Your History-->
<mapping class="Com.PrimeVideo.Watch_History"/>

<mapping class="Com.PrimeVideo.Your_WatchHistory"/>
<!--One to One Watch History and YourHsitory-->

<!-- One to One UserAccount and Home-->
<mapping class="Com.PrimeVideo.Home"/>

<mapping class="Com.PrimeVideo.User_Account"/>
<!--One to One UserAccount and Home-->

<!-- One to One UserAccount and TVShows-->
<mapping class="Com.PrimeVideo.TV_Shows"/>

<mapping class="Com.PrimeVideo.User_Account"/>
<!--One to One UserAccount and TVShows-->

<!-- One to One UserAccount and Movies-->
<mapping class="Com.PrimeVideo.Movies"/>

<mapping class="Com.PrimeVideo.User_Account"/>
<!--One to One UserAccount and Movies-->

<!-- One to One UserAccount and Kids-->
<mapping class="Com.PrimeVideo.Kids"/>

<mapping class="Com.PrimeVideo.User_Account"/>
<!--One to One UserAccount and Kids-->


<!-- Many to One Movies_In_Hindi and Home-->
<mapping class="Com.PrimeVideo.Home"/>

<mapping class="Com.PrimeVideo.Movies_IN_Hindi"/>
<!--Many to One Movies_In_Hindi and Home-->

<!-- Many to One Amazon_Web_Series and Home-->
<mapping class="Com.PrimeVideo.Home"/>

<mapping class="Com.PrimeVideo.Amazon_Web_Series"/>
<!--Many to One Amazon_Web_Series and Home-->

<!-- Many to One MoviesInEnglish and Home-->
<mapping class="Com.PrimeVideo.Home"/>

<mapping class="Com.PrimeVideo.Movies_InEnglish"/>
<!--Many to One MoviesInEnglish and Home-->

<!-- Many to Genres and Home-->
<mapping class="Com.PrimeVideo.Home"/>

<mapping class="Com.PrimeVideo.Genres"/>
<!--Many to One Genres and Home-->

<!-- Many to One TV shows and Recommanded-->
<mapping class="Com.PrimeVideo.TV_Shows"/>

<mapping class="Com.PrimeVideo.Recommanded_shows"/>
<!--Many to One TV shows and Recommanded-->

<!-- Many to One TV shows and Throwback-->
<mapping class="Com.PrimeVideo.TV_Shows"/>

<mapping class="Com.PrimeVideo.ThrowBack_Tv"/>
<!--Many to One TV shows and Throwback-->

<!-- Many to One TV shows and Thriller-->
<mapping class="Com.PrimeVideo.TV_Shows"/>

<mapping class="Com.PrimeVideo.Thriller_TV"/>
<!--Many to One TV shows and Thriller-->

<!-- Many to One TV shows and DramaTv-->
<mapping class="Com.PrimeVideo.TV_Shows"/>

<mapping class="Com.PrimeVideo.Drama_Tv"/>
<!--Many to One TV shows and DramaTv-->

<!-- Many to One Movies and HollywoodMovie-->
<mapping class="Com.PrimeVideo.Movies"/>

<mapping class="Com.PrimeVideo.Hollywood_Movies"/>
<!--Many to One Movies and HollywoodMovie-->

<!-- Many to One Movies and MoviesLanguage-->
<mapping class="Com.PrimeVideo.Movies"/>

<mapping class="Com.PrimeVideo.Movies_ByLanguage"/>
<!--Many to One Movies and Movieslanguage-->

<!-- Many to One Movies and Bollywood_Moive-->
<mapping class="Com.PrimeVideo.Movies"/>

<mapping class="Com.PrimeVideo.Bollywood_Movies"/>
<!--Many to One Movies and Bollywood_Moive-->

<!-- Many to One Movies and Genres-->
<mapping class="Com.PrimeVideo.Movies"/>

<mapping class="Com.PrimeVideo.Movie_Genres"/>
<!--Many to One Movies and Genres-->

<!-- Many to One Kids and familyMovies-->
<mapping class="Com.PrimeVideo.Kids"/>

<mapping class="Com.PrimeVideo.Kids_and_family_Movies"/>
<!--Many to One Kids and familyMovies-->

<!-- Many to One Kids and familyMovies-->
<mapping class="Com.PrimeVideo.Kids"/>

<mapping class="Com.PrimeVideo.Kids_and_family_Movies"/>
<!--Many to One Kids and familyMovies-->

<!-- Many to One Kids and Fantasy_movies-->
<mapping class="Com.PrimeVideo.Kids"/>

<mapping class="Com.PrimeVideo.Fantasy_Movies"/>
<!--Many to One Kids and Fantasy_movies-->


<!-- Many to One Kids and IndianToons-->
<mapping class="Com.PrimeVideo.Kids"/>

<mapping class="Com.PrimeVideo.Indian_Toons"/>
<!--Many to One Kids and IndianToons-->

</session-factory>

</hibernate-configuration>